{
  "answers": [
    {
      "text": "Yes."
    },
    {
      "text": "No."
    },
    {
      "text": "My sources say yes!"
    },
    {
      "text": "Most likely."
    },
    {
      "text": "I don't know."
    },
    {
      "text": "Maybe, sometimes."
    },
    {
      "text": "Outlook is good."
    },
    {
      "text": "Signs point to yes."
    },
    {
      "text": "Definitely!"
    },
    {
      "text": "Absolutely!"
    },
    {
      "text": "Nope."
    },
    {
      "text": "No thanks, I won’t be able to make it."
    },
    {
      "text": "No Way!"
    },
    {
      "text": "It's certain."
    },
    {
      "text": "It's decidedly so."
    },
    {
      "text": "Without a doubt."
    },
    {
      "text": "Yes - definitely."
    },
    {
      "text": "You can rely on it."
    },
    {
      "text": "As I see it, yes."
    }
  ]
}
